{
  "pricing": {
    "CN": 20.503467806384,
    "NL": 14.242090605778
  },
  "track": null,
  "shipments": {
    "123456891": null,
    "109347263": [
      "box",
      "box",
      "pallet"
    ]
  }
}